name,url,birth_year,death_year,origin,primary_style,source
Mozelle Alderson,https://en.wikipedia.org/wiki/Mozelle_Alderson,1904,1994,Ohio,Country blues,Wikipedia
"Alger ""Texas"" Alexander",https://en.wikipedia.org/wiki/Alger_%22Texas%22_Alexander,1900,1954,Texas,Country blues,Wikipedia
Ora Alexander,https://en.wikipedia.org/wiki/Ora_Alexander,c.1909,Unknown,Alabama,Classic female blues,Wikipedia
Albert Ammons,https://en.wikipedia.org/wiki/Albert_Ammons,1907,1949,Illinois,Boogie woogie,Wikipedia
Pink Anderson,https://en.wikipedia.org/wiki/Pink_Anderson,1900,1974,South Carolina,Piedmont blues,Wikipedia
Kokomo Arnold,https://en.wikipedia.org/wiki/Kokomo_Arnold,1901*,1968,Georgia,Acoustic blues,Wikipedia
Barbecue Bob,https://en.wikipedia.org/wiki/Barbecue_Bob,1902,1931,Georgia,Acoustic blues,Wikipedia
Ed Bell,https://en.wikipedia.org/wiki/Ed_Bell_(musician),1905,1960s,Alabama,Piedmont blues,Wikipedia
Gladys Bentley,https://en.wikipedia.org/wiki/Gladys_Bentley,1907,1960,Pennsylvania,Vaudeville blues,Wikipedia
Black Ace,https://en.wikipedia.org/wiki/Black_Ace,1905,1972,Texas,Country blues,Wikipedia
Scrapper Blackwell,https://en.wikipedia.org/wiki/Scrapper_Blackwell,1903,1962,North Carolina,Urban blues,Wikipedia
Blind Blake,https://en.wikipedia.org/wiki/Blind_Blake,1896,1934,Florida,Piedmont blues,Wikipedia
Lucille Bogan,https://en.wikipedia.org/wiki/Lucille_Bogan,1897,1948,Mississippi,Classic female blues,Wikipedia
Ted Bogan,https://en.wikipedia.org/wiki/Ted_Bogan,1909,1990,South Carolina,Country blues,Wikipedia
Son Bonds,https://en.wikipedia.org/wiki/Son_Bonds,1909,1947,Tennessee,Country blues,Wikipedia
Big Bill Broonzy,https://en.wikipedia.org/wiki/Big_Bill_Broonzy,1893*,1958,Mississippi,Urban blues,Wikipedia
Kitty Brown,https://en.wikipedia.org/wiki/Kitty_Brown,1899,Unknown,New York,Classic female blues,Wikipedia
Willie Brown,https://en.wikipedia.org/wiki/Willie_Brown_(musician),1900,1952,Mississippi,Delta blues,Wikipedia
Bumble Bee Slim,https://en.wikipedia.org/wiki/Bumble_Bee_Slim,1905,1968,Georgia,Urban blues,Wikipedia
Gus Cannon,https://en.wikipedia.org/wiki/Gus_Cannon,1883*,1979,Mississippi,Jug band,Wikipedia
Leroy Carr,https://en.wikipedia.org/wiki/Leroy_Carr,1905,1935,Tennessee,Urban blues,Wikipedia
Doctor Clayton,https://en.wikipedia.org/wiki/Doctor_Clayton,1898,1947,Georgia,Country blues,Wikipedia
Sam Collins,https://en.wikipedia.org/wiki/Sam_Collins_(musician),1887,1949,Louisiana,Country blues,Wikipedia
Elizabeth Cotten,https://en.wikipedia.org/wiki/Elizabeth_Cotten,1893,1987,North Carolina,Country blues,Wikipedia
Floyd Council,https://en.wikipedia.org/wiki/Floyd_Council,1911,1976,North Carolina,Piedmont blues,Wikipedia
Ida Cox,https://en.wikipedia.org/wiki/Ida_Cox,1896*,1967,Georgia,Vaudeville blues,Wikipedia
Blind Blues Darby,https://en.wikipedia.org/wiki/Teddy_Darby,1906,1975,Kentucky,St. Louis blues,Wikipedia
Reverend Gary Davis,https://en.wikipedia.org/wiki/Reverend_Gary_Davis,1896,1972,South Carolina,Piedmont blues,Wikipedia
Walter Davis,https://en.wikipedia.org/wiki/Walter_Davis_(blues),1911*,1963,Mississippi,St. Louis blues,Wikipedia
Tom Delaney,https://en.wikipedia.org/wiki/Tom_Delaney_(songwriter),1889,1963,South Carolina,Urban blues,Wikipedia
Georgia Tom Dorsey,https://en.wikipedia.org/wiki/Thomas_A._Dorsey,1899,1993,Georgia,Urban blues,Wikipedia
Little Buddy Doyle,https://en.wikipedia.org/wiki/Little_Buddy_Doyle,1911*,1960*,Tennessee,Memphis blues,Wikipedia
Bernice Edwards,https://en.wikipedia.org/wiki/Bernice_Edwards,1907,1969,Texas,Classic female blues,Wikipedia
Sleepy John Estes,https://en.wikipedia.org/wiki/Sleepy_John_Estes,1899*,1977,Tennessee,Country blues,Wikipedia
Ethel Finnie,https://en.wikipedia.org/wiki/Ethel_Finnie,1898,1981,Louisiana,Classic female blues,Wikipedia
Blind Boy Fuller,https://en.wikipedia.org/wiki/Blind_Boy_Fuller,1907*,1941,North Carolina,Piedmont blues,Wikipedia
Jesse Fuller,https://en.wikipedia.org/wiki/Jesse_Fuller,1896,1976,Georgia,Piedmont blues,Wikipedia
Jazz Gillum,https://en.wikipedia.org/wiki/Jazz_Gillum,1904*,1966,Mississippi,Urban blues,Wikipedia
Boyd Gilmore,https://en.wikipedia.org/wiki/Boyd_Gilmore,1905,1976,Mississippi,Delta blues,Wikipedia
Coot Grant,https://en.wikipedia.org/wiki/Coot_Grant,1893,1970,Alabama,Classic female blues,Wikipedia
Lil Green,https://en.wikipedia.org/wiki/Lil_Green,1919*,1954,Mississippi,Urban blues,Wikipedia
Shirley Griffith,https://en.wikipedia.org/wiki/Shirley_Griffith,1907,1974,Mississippi,Country blues,Wikipedia
"Richard ""Hacksaw"" Harney",https://en.wikipedia.org/wiki/Richard_%22Hacksaw%22_Harney,1902,1973,Mississippi,Delta blues,Wikipedia
Lucille Hegamin,https://en.wikipedia.org/wiki/Lucille_Hegamin,1897*,1970,Georgia,Classic female blues,Wikipedia
Edmonia Henderson,https://en.wikipedia.org/wiki/Edmonia_Henderson,1898,1947,Tennessee,Classic female blues,Wikipedia
Katherine Henderson,https://en.wikipedia.org/wiki/Katherine_Henderson_(singer),1909,Unknown,Missouri,Classic female blues,Wikipedia
Edna Hicks,https://en.wikipedia.org/wiki/Edna_Hicks,1895,1925,Louisiana,Classic female blues,Wikipedia
Son House,https://en.wikipedia.org/wiki/Son_House,1902,1988,Mississippi,Delta blues,Wikipedia
Peg Leg Howell,https://en.wikipedia.org/wiki/Peg_Leg_Howell,1888,1966,Georgia,Country blues,Wikipedia
Alberta Hunter,https://en.wikipedia.org/wiki/Alberta_Hunter,1895,1984,Tennessee,Classic female blues,Wikipedia
Mississippi John Hurt,https://en.wikipedia.org/wiki/Mississippi_John_Hurt,1894*,1966,Mississippi,Country blues,Wikipedia
Jim Jackson,https://en.wikipedia.org/wiki/Jim_Jackson_(musician),1890*,1937*,Mississippi,Country blues,Wikipedia
Papa Charlie Jackson,https://en.wikipedia.org/wiki/Papa_Charlie_Jackson,1890*,1950*,Louisiana,Country blues,Wikipedia
Skip James,https://en.wikipedia.org/wiki/Skip_James,1902,1969,Mississippi,Delta blues,Wikipedia
Blind Lemon Jefferson,https://en.wikipedia.org/wiki/Blind_Lemon_Jefferson,1893,1929,Texas,Country blues,Wikipedia
Blind Willie Johnson,https://en.wikipedia.org/wiki/Blind_Willie_Johnson,1897,1945,Texas,Gospel blues,Wikipedia
Edith North Johnson,https://en.wikipedia.org/wiki/Edith_North_Johnson,1903,1988,Missouri,Classic female blues,Wikipedia
Lonnie Johnson,https://en.wikipedia.org/wiki/Lonnie_Johnson_(musician),1899,1970,Louisiana,Urban blues,Wikipedia
Mary Johnson,https://en.wikipedia.org/wiki/Mary_Johnson_(singer),1898,1983,Mississippi,Classic female blues,Wikipedia
Robert Johnson,https://en.wikipedia.org/wiki/Robert_Johnson,1911,1938,Mississippi,Delta blues,Wikipedia
Tommy Johnson,https://en.wikipedia.org/wiki/Tommy_Johnson_(blues_musician),1896,1956,Mississippi,Delta blues,Wikipedia
Little Hat Jones,https://en.wikipedia.org/wiki/Little_Hat_Jones,1899,1981,Texas,Country blues,Wikipedia
Lottie Kimbrough,https://en.wikipedia.org/wiki/Lottie_Kimbrough,1893,Unknown,Arkansas,Country blues,Wikipedia
Lead Belly,https://en.wikipedia.org/wiki/Lead_Belly,1889,1949,Louisiana,Country blues,Wikipedia
Furry Lewis,https://en.wikipedia.org/wiki/Furry_Lewis,1893*,1981,Mississippi,Country blues,Wikipedia
Meade Lux Lewis,https://en.wikipedia.org/wiki/Meade_Lux_Lewis,1905,1964,Illinois,Boogie woogie,Wikipedia
Charley Lincoln,https://en.wikipedia.org/wiki/Charley_Lincoln,1900,1963,Georgia,Country blues,Wikipedia
Mance Lipscomb,https://en.wikipedia.org/wiki/Mance_Lipscomb,1895,1976,Texas,Country blues,Wikipedia
Virginia Liston,https://en.wikipedia.org/wiki/Virginia_Liston,1890,1932,Louisiana,Classic female blues,Wikipedia
"Robert Lockwood, Jr.","https://en.wikipedia.org/wiki/Robert_Lockwood,_Jr.",1915,2006,Arkansas,Delta blues,Wikipedia
Cripple Clarence Lofton,https://en.wikipedia.org/wiki/Cripple_Clarence_Lofton,1887*,1957,Tennessee,Boogie woogie,Wikipedia
Eddie Mapp,https://en.wikipedia.org/wiki/Eddie_Mapp,1910,1931,Georgia,Country blues,Wikipedia
Sara Martin,https://en.wikipedia.org/wiki/Sara_Martin,1884,1955,Kentucky,Vaudeville blues,Wikipedia
Lil McClintock,https://en.wikipedia.org/wiki/Lil_McClintock,1883,Unknown,U.S.,Country blues,Wikipedia
Kansas Joe McCoy,https://en.wikipedia.org/wiki/Kansas_Joe_McCoy,1905,1950,Mississippi,Country blues,Wikipedia
Papa Charlie McCoy,https://en.wikipedia.org/wiki/Papa_Charlie_McCoy,1909,1959,Mississippi,Delta blues,Wikipedia
Mississippi Fred McDowell,https://en.wikipedia.org/wiki/Fred_McDowell,1904,1972,Tennessee,Delta blues,Wikipedia
"Charlie ""Specks"" McFadden",https://en.wikipedia.org/wiki/Charlie_%22Specks%22_McFadden,1895,1966,Illinois,Country blues,Wikipedia
Fred McMullen,https://en.wikipedia.org/wiki/Fred_McMullen_(musician),1905,Unknown,Florida,Piedmont blues,Wikipedia
Jay McShann,https://en.wikipedia.org/wiki/Jay_McShann,1916,2006,Oklahoma,Blues,Wikipedia
Blind Willie McTell,https://en.wikipedia.org/wiki/Blind_Willie_McTell,1901*,1959,Georgia,Country blues,Wikipedia
Memphis Minnie,https://en.wikipedia.org/wiki/Memphis_Minnie,1897,1973,Louisiana,Memphis blues,Wikipedia
Mississippi Sheiks,https://en.wikipedia.org/wiki/Mississippi_Sheiks,,,Mississippi,Country blues,Wikipedia
Little Brother Montgomery,https://en.wikipedia.org/wiki/Little_Brother_Montgomery,1906,1985,Louisiana,Barrelhouse blues,Wikipedia
Whistlin' Alex Moore,https://en.wikipedia.org/wiki/Whistlin%27_Alex_Moore,1899,1989,Texas,Boogie woogie,Wikipedia
Buddy Moss,https://en.wikipedia.org/wiki/Buddy_Moss,1914,1984,Georgia,Piedmont blues,Wikipedia
Hambone Willie Newbern,https://en.wikipedia.org/wiki/Hambone_Willie_Newbern,1901,1965,Tennessee,Country blues,Wikipedia
St. Louis Jimmy Oden,https://en.wikipedia.org/wiki/St._Louis_Jimmy_Oden,1903,1977,Tennessee,Urban blues,Wikipedia
Charley Patton,https://en.wikipedia.org/wiki/Charley_Patton,1891,1934,Mississippi,Delta blues,Wikipedia
Piano Red,https://en.wikipedia.org/wiki/Piano_Red,1911,1985,Georgia,Boogie woogie,Wikipedia
Buster Pickens,https://en.wikipedia.org/wiki/Buster_Pickens,1916,1964,Texas,Country blues,Wikipedia
Joe Pullum,https://en.wikipedia.org/wiki/Joe_Pullum,1905,1964,Alabama,Urban blues,Wikipedia
Ma Rainey,https://en.wikipedia.org/wiki/Ma_Rainey,1886*,1939,Georgia,Classic female blues,Wikipedia
Red Nelson,https://en.wikipedia.org/wiki/Red_Nelson_(musician),1907,1970,Mississippi,Urban blues,Wikipedia
Walter Roland,https://en.wikipedia.org/wiki/Walter_Roland,c.1902 or 1903,1972,Alabama,Boogie woogie,Wikipedia
Jimmy Rushing,https://en.wikipedia.org/wiki/Jimmy_Rushing,1903,1972,Oklahoma,Urban blues,Wikipedia
Dan Sane,https://en.wikipedia.org/wiki/Dan_Sane,1896,1956,Mississippi,Memphis blues,Wikipedia
Alec Seward,https://en.wikipedia.org/wiki/Alec_Seward,1901,1972,Virginia,Piedmont blues,Wikipedia
Robert Shaw,https://en.wikipedia.org/wiki/Robert_Shaw_(blues_musician),1908,1985,Texas,Boogie woogie,Wikipedia
J.D. Short,https://en.wikipedia.org/wiki/J.D._Short,1902,1962,Mississippi,Delta blues,Wikipedia
"Henry ""Son"" Sims",https://en.wikipedia.org/wiki/Henry_%22Son%22_Sims,1890,1958,Mississippi,Delta blues,Wikipedia
Bessie Smith,https://en.wikipedia.org/wiki/Bessie_Smith,1894,1937,Tennessee,Classic female blues,Wikipedia
Clara Smith,https://en.wikipedia.org/wiki/Clara_Smith,1894*,1935,South Carolina,Classic female blues,Wikipedia
"J. T. ""Funny Papa"" Smith",https://en.wikipedia.org/wiki/J._T._Smith_(musician),1885*,1940*,U.S.,Country blues,Wikipedia
Mamie Smith,https://en.wikipedia.org/wiki/Mamie_Smith,1883,1946,Ohio,Vaudeville blues,Wikipedia
Pinetop Sparks,https://en.wikipedia.org/wiki/Pinetop_Sparks,1910,1935,Mississippi,Boogie woogie,Wikipedia
Speckled Red,https://en.wikipedia.org/wiki/Speckled_Red,1892,1973,Louisiana,Boogie woogie,Wikipedia
Victoria Spivey,https://en.wikipedia.org/wiki/Victoria_Spivey,1906,1976,Texas,Vaudeville blues,Wikipedia
Frank Stokes,https://en.wikipedia.org/wiki/Frank_Stokes_(musician),1888*,1955,Tennessee,Memphis blues,Wikipedia
Roosevelt Sykes,https://en.wikipedia.org/wiki/Roosevelt_Sykes,1913,1984,Arkansas,Urban blues,Wikipedia
Tampa Red,https://en.wikipedia.org/wiki/Tampa_Red,1904,1981,Georgia,Urban blues,Wikipedia
Johnny Temple,https://en.wikipedia.org/wiki/Johnny_Temple_(musician),1906,1968,Mississippi,Delta blues,Wikipedia
Henry Thomas,https://en.wikipedia.org/wiki/Henry_Thomas_(blues_musician),1874,1930*,Texas,Country blues,Wikipedia
Ramblin' Thomas,https://en.wikipedia.org/wiki/Ramblin%27_Thomas,Unknown,Unknown,Louisiana,Country blues,Wikipedia
Henry Townsend,https://en.wikipedia.org/wiki/Henry_Townsend_(musician),1909,2006,Mississippi,St. Louis blues,Wikipedia
Willie Trice,https://en.wikipedia.org/wiki/Willie_Trice,1910,1977,North Carolina,Piedmont blues,Wikipedia
Bessie Tucker,https://en.wikipedia.org/wiki/Bessie_Tucker,c.1906,1933,Texas,Country blues,Wikipedia
Walter Vinson,https://en.wikipedia.org/wiki/Walter_Vinson,1901,1975,Mississippi,Country blues,Wikipedia
Sippie Wallace,https://en.wikipedia.org/wiki/Sippie_Wallace,1898,1986,Arkansas,Classic female blues,Wikipedia
Washboard Sam,https://en.wikipedia.org/wiki/Washboard_Sam,1910,1966,Arkansas,Country blues,Wikipedia
Ethel Waters,https://en.wikipedia.org/wiki/Ethel_Waters,1896,1977,Pennsylvania,Urban blues,Wikipedia
Curley Weaver,https://en.wikipedia.org/wiki/Curley_Weaver,1906,1962,Georgia,Country blues,Wikipedia
Sylvester Weaver,https://en.wikipedia.org/wiki/Sylvester_Weaver_(musician),1897*,1960,Kentucky,Country blues,Wikipedia
Casey Bill Weldon,https://en.wikipedia.org/wiki/Casey_Bill_Weldon,1909,Unknown,Arkansas,Country blues,Wikipedia
Peetie Wheatstraw,https://en.wikipedia.org/wiki/Peetie_Wheatstraw,1902,1941,Tennessee,St. Louis blues,Wikipedia
Bukka White,https://en.wikipedia.org/wiki/Bukka_White,1909,1977,Mississippi,Delta blues,Wikipedia
Josh White,https://en.wikipedia.org/wiki/Josh_White,1908,1969,South Carolina,Country blues,Wikipedia
Big Joe Williams,https://en.wikipedia.org/wiki/Big_Joe_Williams,1903,1982,Mississippi,Delta blues,Wikipedia
Sonny Boy Williamson I,https://en.wikipedia.org/wiki/Sonny_Boy_Williamson_I,1914,1948,Tennessee,Urban blues,Wikipedia
Ralph Willis,https://en.wikipedia.org/wiki/Ralph_Willis_(blues_musician),1910*,1957,Alabama,Piedmont blues,Wikipedia
"Oscar ""Buddy"" Woods",https://en.wikipedia.org/wiki/Oscar_%22Buddy%22_Woods,1903,1955,Louisiana,Urban blues,Wikipedia
The Aces,https://en.wikipedia.org/wiki/The_Aces_(blues_band),,,Illinois,Chicago blues,Wikipedia
Woodrow Adams,https://en.wikipedia.org/wiki/Woodrow_Adams,1917,1988,Mississippi,Electric blues,Wikipedia
Luther Allison,https://en.wikipedia.org/wiki/Luther_Allison,1939,1997,Arkansas,Chicago blues,Wikipedia
Mose Allison,https://en.wikipedia.org/wiki/Mose_Allison,1927,2016,Mississippi,Urban blues,Wikipedia
Kip Anderson,https://en.wikipedia.org/wiki/Kip_Anderson,1938,2007,South Carolina,Soul blues,Wikipedia
Etta Baker,https://en.wikipedia.org/wiki/Etta_Baker,1913,2006,North Carolina,Country blues,Wikipedia
John Henry Barbee,https://en.wikipedia.org/wiki/John_Henry_Barbee,1905,1964,Tennessee,Acoustic blues,Wikipedia
Lou Ann Barton,https://en.wikipedia.org/wiki/Lou_Ann_Barton,1954,,Texas,Electric blues,Wikipedia
Johnnie Bassett,https://en.wikipedia.org/wiki/Johnnie_Bassett,1935,2012,Florida,Electric blues,Wikipedia
Lefty Bates,https://en.wikipedia.org/wiki/Lefty_Bates,1920,2007,Alabama,Chicago blues,Wikipedia
Carey Bell,https://en.wikipedia.org/wiki/Carey_Bell,1936,2007,Mississippi,Chicago blues,Wikipedia
Buster Benton,https://en.wikipedia.org/wiki/Buster_Benton,1932,1996,Arkansas,Chicago blues,Wikipedia
Roy Book Binder,https://en.wikipedia.org/wiki/Roy_Book_Binder,1943,,New York,Acoustic blues,Wikipedia
Elvin Bishop,https://en.wikipedia.org/wiki/Elvin_Bishop,1942,,California,Electric blues,Wikipedia
Bobby Bland,https://en.wikipedia.org/wiki/Bobby_Bland,1930,2013,Tennessee,Soul blues,Wikipedia
Rory Block,https://en.wikipedia.org/wiki/Rory_Block,1949,,New Jersey,Country blues,Wikipedia
Mike Bloomfield,https://en.wikipedia.org/wiki/Mike_Bloomfield,1943,1981,Illinois,Electric blues,Wikipedia
Boogie Woogie Red,https://en.wikipedia.org/wiki/Boogie_Woogie_Red,1925,1985*,Louisiana,Boogie woogie,Wikipedia
Eddie Boyd,https://en.wikipedia.org/wiki/Eddie_Boyd,1914,1994,Mississippi,Chicago blues,Wikipedia
Lonnie Brooks,https://en.wikipedia.org/wiki/Lonnie_Brooks,1933,2017,Louisiana,Electric blues,Wikipedia
Charles Brown,https://en.wikipedia.org/wiki/Charles_Brown_(musician),1922,1999,Texas,West Coast blues,Wikipedia
"Clarence ""Gatemouth"" Brown",https://en.wikipedia.org/wiki/Clarence_%22Gatemouth%22_Brown,1924*,2005,Louisiana,Electric blues,Wikipedia
Roy Brown,https://en.wikipedia.org/wiki/Roy_Brown_(blues_musician),1925*,1981,Louisiana,Jump blues,Wikipedia
Walter Brown,https://en.wikipedia.org/wiki/Walter_Brown_(singer),1917,1956,Texas,Memphis blues,Wikipedia
Roy Buchanan,https://en.wikipedia.org/wiki/Roy_Buchanan,1939,1988,Alabama,Electric blues,Wikipedia
"George ""Mojo"" Buford",https://en.wikipedia.org/wiki/George_%22Mojo%22_Buford,1929,2011,Mississippi,Chicago blues,Wikipedia
"Eddie ""Guitar"" Burns",https://en.wikipedia.org/wiki/Eddie_%22Guitar%22_Burns,1928,2012,Mississippi,Detroit blues,Wikipedia
R. L. Burnside,https://en.wikipedia.org/wiki/R._L._Burnside,1926,2005,Mississippi,Hill country blues,Wikipedia
Aron Burton,https://en.wikipedia.org/wiki/Aron_Burton,1938,2016,Mississippi,Chicago blues,Wikipedia
Paul Butterfield,https://en.wikipedia.org/wiki/Paul_Butterfield,1942,1987,Illinois,Electric blues,Wikipedia
Carolina Slim,https://en.wikipedia.org/wiki/Carolina_Slim,1923,1953,North Carolina,Piedmont blues,Wikipedia
Eric Clapton,https://en.wikipedia.org/wiki/Eric_Clapton,1945,,England,Electric blues,Wikipedia
Willie Cobbs,https://en.wikipedia.org/wiki/Willie_Cobbs,1932,2021,Arkansas,Electric blues,Wikipedia
Albert Collins,https://en.wikipedia.org/wiki/Albert_Collins,1932,1993,Texas,Electric blues,Wikipedia
Johnny Copeland,https://en.wikipedia.org/wiki/Johnny_Copeland,1937,1997,Louisiana,Texas blues,Wikipedia
James Cotton,https://en.wikipedia.org/wiki/James_Cotton,1935,2017,Mississippi,Chicago blues,Wikipedia
Pee Wee Crayton,https://en.wikipedia.org/wiki/Pee_Wee_Crayton,1914,1985,Texas,West Coast blues,Wikipedia
"Arthur ""Big Boy"" Crudup",https://en.wikipedia.org/wiki/Arthur_%22Big_Boy%22_Crudup,1905,1974,Mississippi,Urban blues,Wikipedia
James Crutchfield,https://en.wikipedia.org/wiki/James_Crutchfield,1912,2001,Louisiana,Barrelhouse blues,Wikipedia
Cyril Davies,https://en.wikipedia.org/wiki/Cyril_Davies,1932,1964,England,Electric blues,Wikipedia
Blind John Davis,https://en.wikipedia.org/wiki/Blind_John_Davis,1913,1985,Mississippi,Urban blues,Wikipedia
"James ""Thunderbird"" Davis",https://en.wikipedia.org/wiki/James_%22Thunderbird%22_Davis,1938,1991*,Alabama,Electric blues,Wikipedia
Larry Davis,https://en.wikipedia.org/wiki/Larry_Davis_(blues_musician),1936,1994,Arkansas*,Texas blues,Wikipedia
Maxwell Street Jimmy Davis,https://en.wikipedia.org/wiki/Maxwell_Street_Jimmy_Davis,1925,1995,Mississippi,Electric blues,Wikipedia
Jimmy Dawkins,https://en.wikipedia.org/wiki/Jimmy_Dawkins,1936,2013,Mississippi,Chicago blues,Wikipedia
Floyd Dixon,https://en.wikipedia.org/wiki/Floyd_Dixon,1929,2006,Texas,West Coast blues,Wikipedia
Willie Dixon,https://en.wikipedia.org/wiki/Willie_Dixon,1915,1992,Mississippi,Chicago blues,Wikipedia
Champion Jack Dupree,https://en.wikipedia.org/wiki/Champion_Jack_Dupree,1910*,1992,Louisiana,Louisiana blues,Wikipedia
Big Joe Duskin,https://en.wikipedia.org/wiki/Big_Joe_Duskin,1921,2007,Alabama,Barrelhouse blues,Wikipedia
Johnny Dyer,https://en.wikipedia.org/wiki/Johnny_Dyer,1938,2014,Mississippi,Electric blues,Wikipedia
Snooks Eaglin,https://en.wikipedia.org/wiki/Snooks_Eaglin,1936,2009,Louisiana,Electric blues,Wikipedia
Archie Edwards,https://en.wikipedia.org/wiki/Archie_Edwards,1918,1998,Virginia,Country blues,Wikipedia
"David ""Honeyboy"" Edwards",https://en.wikipedia.org/wiki/David_%22Honeyboy%22_Edwards,1915,2011,Mississippi,Electric blues,Wikipedia
"Robert ""Big Mojo"" Elem",https://en.wikipedia.org/wiki/Robert_%22Big_Mojo%22_Elem,1931*,1997,Mississippi,Delta blues,Wikipedia
Margie Evans,https://en.wikipedia.org/wiki/Margie_Evans,1939,2021,Louisiana,Electric blues,Wikipedia
The Fabulous Thunderbirds,https://en.wikipedia.org/wiki/The_Fabulous_Thunderbirds,,,Texas,Texas blues,Wikipedia
Turner Foddrell,https://en.wikipedia.org/wiki/Turner_Foddrell,1928,1995,Virginia,Acoustic blues,Wikipedia
Forest City Joe,https://en.wikipedia.org/wiki/Forest_City_Joe,1926,1960,Arkansas,Electric blues,Wikipedia
"""Baby Face"" Leroy Foster",https://en.wikipedia.org/wiki/Leroy_Foster_(musician),1923,1958,Mississippi,Chicago blues,Wikipedia
Guitar Pete Franklin,https://en.wikipedia.org/wiki/Guitar_Pete_Franklin,1928,1975,Indiana,Electric blues,Wikipedia
Calvin Frazier,https://en.wikipedia.org/wiki/Calvin_Frazier,1915,1972,Arkansas,Detroit blues,Wikipedia
Denny Freeman,https://en.wikipedia.org/wiki/Denny_Freeman,1944,2021,Florida,Texas blues,Wikipedia
Johnny Fuller,https://en.wikipedia.org/wiki/Johnny_Fuller_(musician),1929,1985,Mississippi,West Coast blues,Wikipedia
Lowell Fulson,https://en.wikipedia.org/wiki/Lowell_Fulson,1921,1999,Oklahoma,West Coast blues,Wikipedia
Bob Gaddy,https://en.wikipedia.org/wiki/Bob_Gaddy,1924,1997,West Virginia,Urban blues,Wikipedia
Rory Gallagher,https://en.wikipedia.org/wiki/Rory_Gallagher,1948,1995,Ireland,Electric blues,Wikipedia
Clarence Garlow,https://en.wikipedia.org/wiki/Clarence_Garlow,1911,1986,Louisiana,Louisiana blues,Wikipedia
Lee Gates,https://en.wikipedia.org/wiki/Lee_Gates,1937,2020,Mississippi,Electric blues,Wikipedia
Lacy Gibson,https://en.wikipedia.org/wiki/Lacy_Gibson,1936,2011,North Carolina,Chicago blues,Wikipedia
Good Rockin' Charles,https://en.wikipedia.org/wiki/Good_Rockin%27_Charles,1933,1989,Alabama,Chicago blues,Wikipedia
Henry Gray,https://en.wikipedia.org/wiki/Henry_Gray_(musician),1925,2020,Louisiana,Chicago blues,Wikipedia
L.C. Green,https://en.wikipedia.org/wiki/L.C._Green,1921,1985,Mississippi,Electric blues,Wikipedia
Peter Green,https://en.wikipedia.org/wiki/Peter_Green_(musician),1946,2020,England,Electric blues,Wikipedia
Guitar Nubbit,https://en.wikipedia.org/wiki/Guitar_Nubbit,1923,1995,Florida,Electric blues,Wikipedia
Guitar Slim,https://en.wikipedia.org/wiki/Guitar_Slim,1926,1959,Louisiana,Louisiana blues,Wikipedia
Buddy Guy,https://en.wikipedia.org/wiki/Buddy_Guy,1936,,Louisiana,Chicago blues,Wikipedia
Phil Guy,https://en.wikipedia.org/wiki/Phil_Guy,1940,2008,Louisiana,Electric blues,Wikipedia
John P. Hammond,https://en.wikipedia.org/wiki/John_P._Hammond,1942,,New York,Electric blues,Wikipedia
James Harman,https://en.wikipedia.org/wiki/James_Harman,1946,2021,Alabama,Electric blues,Wikipedia
Harmonica Slim,https://en.wikipedia.org/wiki/Harmonica_Slim,1934,1984,Texas,Texas blues,Wikipedia
Wynonie Harris,https://en.wikipedia.org/wiki/Wynonie_Harris,1915,1969,Nebraska,Jump blues,Wikipedia
Shakey Jake Harris,https://en.wikipedia.org/wiki/Shakey_Jake_Harris,1921,1990,Arkansas,Chicago blues,Wikipedia
Little Hatch,https://en.wikipedia.org/wiki/Little_Hatch,1921,2003,Mississippi,Electric blues,Wikipedia
Johnny Heartsman,https://en.wikipedia.org/wiki/Johnny_Heartsman,1936,1996,Texas,Electric blues,Wikipedia
Duke Henderson,https://en.wikipedia.org/wiki/Duke_Henderson,1925,1973,Missouri,West Coast blues,Wikipedia
Z. Z. Hill,https://en.wikipedia.org/wiki/Z._Z._Hill,1935,1984,Texas,Soul blues,Wikipedia
Silas Hogan,https://en.wikipedia.org/wiki/Silas_Hogan,1911,1994,Louisiana,Louisiana blues,Wikipedia
Smokey Hogg,https://en.wikipedia.org/wiki/Smokey_Hogg,1914,1960,Texas,Electric blues,Wikipedia
John Dee Holeman,https://en.wikipedia.org/wiki/John_Dee_Holeman,1929,2021,North Carolina,Piedmont blues,Wikipedia
Earl Hooker,https://en.wikipedia.org/wiki/Earl_Hooker,1930,1970,Mississippi,Chicago blues,Wikipedia
John Lee Hooker,https://en.wikipedia.org/wiki/John_Lee_Hooker,1917*,2001,Mississippi,Detroit blues,Wikipedia
Lightnin' Hopkins,https://en.wikipedia.org/wiki/Lightnin%27_Hopkins,1912,1982,Texas,Country blues,Wikipedia
Big Walter Horton,https://en.wikipedia.org/wiki/Big_Walter_Horton,1917*,1981,Mississippi,Chicago blues,Wikipedia
Howlin' Wolf,https://en.wikipedia.org/wiki/Howlin%27_Wolf,1910,1976,Mississippi,Chicago blues,Wikipedia
Long John Hunter,https://en.wikipedia.org/wiki/Long_John_Hunter,1931,2016,Louisiana,Texas blues,Wikipedia
J. B. Hutto,https://en.wikipedia.org/wiki/J._B._Hutto,1926,1983,South Carolina,Chicago blues,Wikipedia
John Jackson,https://en.wikipedia.org/wiki/John_Jackson_(blues_musician),1924,2002,Virginia,Piedmont blues,Wikipedia
Elmore James,https://en.wikipedia.org/wiki/Elmore_James,1918,1963,Mississippi,Chicago blues,Wikipedia
Etta James,https://en.wikipedia.org/wiki/Etta_James,1938,2012,California,Soul blues,Wikipedia
Bobo Jenkins,https://en.wikipedia.org/wiki/Bobo_Jenkins,1916,1984,Alabama,Detroit blues,Wikipedia
Jimmy Johnson,https://en.wikipedia.org/wiki/Jimmy_Johnson_(blues_guitarist),1928,2022,Mississippi,Chicago blues,Wikipedia
Luther Johnson (Guitar Junior),https://en.wikipedia.org/wiki/Luther_Johnson_(Guitar_Junior),1939,2022,Mississippi,Electric blues,Wikipedia
"Luther ""Georgia Boy"" Johnson",https://en.wikipedia.org/wiki/Luther_%22Georgia_Boy%22_Johnson,1934,1976,Georgia,Chicago blues,Wikipedia
Floyd Jones,https://en.wikipedia.org/wiki/Floyd_Jones,1917,1990*,Arkansas,Electric blues,Wikipedia
Little Sonny Jones,https://en.wikipedia.org/wiki/Little_Sonny_Jones,1931,1989,Louisiana,New Orleans blues,Wikipedia
Moody Jones,https://en.wikipedia.org/wiki/Moody_Jones,1908,1988,Arkansas,Chicago blues,Wikipedia
Tail Dragger Jones,https://en.wikipedia.org/wiki/Tail_Dragger_Jones,1940,2023,Arkansas,Chicago blues,Wikipedia
Louis Jordan,https://en.wikipedia.org/wiki/Louis_Jordan,1908,1975,Arkansas,Jump blues,Wikipedia
Kansas City Red,https://en.wikipedia.org/wiki/Kansas_City_Red,1926,1991,Mississippi,Chicago blues,Wikipedia
Jo Ann Kelly,https://en.wikipedia.org/wiki/Jo_Ann_Kelly,1944,1990,England,Electric blues,Wikipedia
Junior Kimbrough,https://en.wikipedia.org/wiki/Junior_Kimbrough,1930,1998,Mississippi,Hill country blues,Wikipedia
Albert King,https://en.wikipedia.org/wiki/Albert_King,1923,1992,Mississippi,Electric blues,Wikipedia
B.B. King,https://en.wikipedia.org/wiki/B.B._King,1925,2015,Mississippi,Electric blues,Wikipedia
Earl King,https://en.wikipedia.org/wiki/Earl_King,1934,2003,Louisiana,New Orleans blues,Wikipedia
Eddie King,https://en.wikipedia.org/wiki/Eddie_King_(musician),1938,2012,Alabama,Chicago blues,Wikipedia
Freddie King,https://en.wikipedia.org/wiki/Freddie_King,1934,1976,Texas,Electric blues,Wikipedia
Little Freddie King,https://en.wikipedia.org/wiki/Little_Freddie_King,1940,,Mississippi,Electric blues,Wikipedia
Bob Kirkpatrick,https://en.wikipedia.org/wiki/Bob_Kirkpatrick_(musician),1934,,Louisiana,Texas blues,Wikipedia
Alexis Korner,https://en.wikipedia.org/wiki/Alexis_Korner,1928,1984,France,Electric blues,Wikipedia
Sammy Lawhorn,https://en.wikipedia.org/wiki/Sammy_Lawhorn,1935,1990,Arkansas,Chicago blues,Wikipedia
Lazy Lester,https://en.wikipedia.org/wiki/Lazy_Lester,1933,2018,Louisiana,Swamp blues,Wikipedia
Calvin Leavy,https://en.wikipedia.org/wiki/Calvin_Leavy,1941*,2010,Arkansas,Soul blues,Wikipedia
Lovie Lee,https://en.wikipedia.org/wiki/Lovie_Lee,1908,1997,Mississippi,Chicago blues,Wikipedia
Lefty Dizz,https://en.wikipedia.org/wiki/Lefty_Dizz,1937,1993,Arkansas,Chicago blues,Wikipedia
J. B. Lenoir,https://en.wikipedia.org/wiki/J._B._Lenoir,1929,1967,Mississippi,Urban blues,Wikipedia
Lightnin' Slim,https://en.wikipedia.org/wiki/Lightnin%27_Slim,1913,1974,Missouri*,Louisiana blues,Wikipedia
Hip Linkchain,https://en.wikipedia.org/wiki/Hip_Linkchain,1936,1989,Mississippi,Chicago blues,Wikipedia
Little Joe Blue,https://en.wikipedia.org/wiki/Little_Joe_Blue,1934,1990,Mississippi,Electric blues,Wikipedia
Little Sonny,https://en.wikipedia.org/wiki/Little_Sonny,1932*,,Alabama,Electric blues,Wikipedia
Little Walter,https://en.wikipedia.org/wiki/Little_Walter,1930,1968,Louisiana,Chicago blues,Wikipedia
Little Willie Littlefield,https://en.wikipedia.org/wiki/Little_Willie_Littlefield,1931,2013,Texas,West Coast blues,Wikipedia
John Littlejohn,https://en.wikipedia.org/wiki/John_Littlejohn,1931,1994,Mississippi,Chicago blues,Wikipedia
Lonesome Sundown,https://en.wikipedia.org/wiki/Lonesome_Sundown,1928,2005*,Louisiana,Swamp blues,Wikipedia
Louisiana Red,https://en.wikipedia.org/wiki/Louisiana_Red,1932,2012,Alabama,Electric blues,Wikipedia
Willie Love,https://en.wikipedia.org/wiki/Willie_Love,1906,1953,Mississippi,Electric blues,Wikipedia
Magic Sam,https://en.wikipedia.org/wiki/Magic_Sam,1937,1969,Mississippi,Chicago blues,Wikipedia
Magic Slim,https://en.wikipedia.org/wiki/Magic_Slim,1937,2013,Mississippi,Chicago blues,Wikipedia
J.J. Malone,https://en.wikipedia.org/wiki/J.J._Malone,1935,2004,Alabama,West Coast blues,Wikipedia
Johnny Mars,https://en.wikipedia.org/wiki/Johnny_Mars,1942,2011,South Carolina,Electric blues,Wikipedia
John Mayall,https://en.wikipedia.org/wiki/John_Mayall,1933,2024,England,Electric blues,Wikipedia
Pete Mayes,https://en.wikipedia.org/wiki/Pete_Mayes,1938,2008,Texas,Texas blues,Wikipedia
Percy Mayfield,https://en.wikipedia.org/wiki/Percy_Mayfield,1920,1984,Louisiana,West Coast blues,Wikipedia
Earring George Mayweather,https://en.wikipedia.org/wiki/Earring_George_Mayweather,1928,1995,Alabama,Chicago blues,Wikipedia
Delbert McClinton,https://en.wikipedia.org/wiki/Delbert_McClinton,1940,,Texas,Electric blues,Wikipedia
Jimmy McCracklin,https://en.wikipedia.org/wiki/Jimmy_McCracklin,1921,2012,Texas,West Coast blues,Wikipedia
Brownie McGhee,https://en.wikipedia.org/wiki/Brownie_McGhee,1915,1996,Tennessee,Piedmont blues,Wikipedia
Memphis Slim,https://en.wikipedia.org/wiki/Memphis_Slim,1915,1988,Tennessee,Urban blues,Wikipedia
Big Maceo Merriweather,https://en.wikipedia.org/wiki/Big_Maceo_Merriweather,1905,1953,Georgia,Barrelhouse blues,Wikipedia
Amos Milburn,https://en.wikipedia.org/wiki/Amos_Milburn,1927,1980,Texas,Urban blues,Wikipedia
"Luke ""Long Gone"" Miles",https://en.wikipedia.org/wiki/Luke_%22Long_Gone%22_Miles,1925,1987,Louisiana,Texas blues,Wikipedia
Roy Milton,https://en.wikipedia.org/wiki/Roy_Milton,1907,1983,Oklahoma,Jump blues,Wikipedia
Gatemouth Moore,https://en.wikipedia.org/wiki/Gatemouth_Moore,1913,2004,Kansas,Urban blues,Wikipedia
Johnny B. Moore,https://en.wikipedia.org/wiki/Johnny_B._Moore,1950,,Mississippi,Chicago blues,Wikipedia
Muddy Waters,https://en.wikipedia.org/wiki/Muddy_Waters,1913,1983,Mississippi,Chicago blues,Wikipedia
"Matt ""Guitar"" Murphy",https://en.wikipedia.org/wiki/Matt_%22Guitar%22_Murphy,1929,2018,Mississippi,Chicago blues,Wikipedia
Charlie Musselwhite,https://en.wikipedia.org/wiki/Charlie_Musselwhite,1944,,Mississippi,Electric blues,Wikipedia
Sam Myers,https://en.wikipedia.org/wiki/Sam_Myers,1936,2006,Mississippi,Electric blues,Wikipedia
Robert Nighthawk,https://en.wikipedia.org/wiki/Robert_Nighthawk,1909,1967,Arkansas,Chicago blues,Wikipedia
Andrew Odom,https://en.wikipedia.org/wiki/Andrew_Odom,1936,1991,Louisiana,Chicago blues,Wikipedia
Johnny Otis,https://en.wikipedia.org/wiki/Johnny_Otis,1921,2012,California,West Coast blues,Wikipedia
Junior Parker,https://en.wikipedia.org/wiki/Junior_Parker,1932,1971,Mississippi,Memphis blues,Wikipedia
Odie Payne,https://en.wikipedia.org/wiki/Odie_Payne,1926,1989,Illinois,Chicago blues,Wikipedia
Dave Peabody,https://en.wikipedia.org/wiki/Dave_Peabody,1948,,England,Acoustic blues,Wikipedia
Pinetop Perkins,https://en.wikipedia.org/wiki/Pinetop_Perkins,1913,2011,Mississippi,Chicago blues,Wikipedia
Rod Piazza,https://en.wikipedia.org/wiki/Rod_Piazza,1947,,California,Electric blues,Wikipedia
Dan Pickett,https://en.wikipedia.org/wiki/Dan_Pickett_(musician),1907,1967,Alabama,Country blues,Wikipedia
Snooky Pryor,https://en.wikipedia.org/wiki/Snooky_Pryor,1919*,2006,Mississippi,Chicago blues,Wikipedia
Doug Quattlebaum,https://en.wikipedia.org/wiki/Doug_Quattlebaum,1927,1996,South Carolina,Piedmont blues,Wikipedia
Bonnie Raitt,https://en.wikipedia.org/wiki/Bonnie_Raitt,1949,,California,Electric blues,Wikipedia
Jimmy Reed,https://en.wikipedia.org/wiki/Jimmy_Reed,1925,1976,Mississippi,Electric blues,Wikipedia
Sonny Rhodes,https://en.wikipedia.org/wiki/Sonny_Rhodes,1940,2021,Texas,Electric blues,Wikipedia
Fenton Robinson,https://en.wikipedia.org/wiki/Fenton_Robinson,1935,2007*,Mississippi,Electric blues,Wikipedia
Jimmie Lee Robinson,https://en.wikipedia.org/wiki/Jimmie_Lee_Robinson,1931,2002,Illinois,Chicago blues,Wikipedia
Sonny Rodgers,https://en.wikipedia.org/wiki/Sonny_Rodgers,1939,1990,Arkansas,Electric blues,Wikipedia
Jimmy Rogers,https://en.wikipedia.org/wiki/Jimmy_Rogers,1924,1997,Mississippi,Chicago blues,Wikipedia
Roomful of Blues,https://en.wikipedia.org/wiki/Roomful_of_Blues,,,Rhode Island,Electric blues,Wikipedia
Bobby Rush,https://en.wikipedia.org/wiki/Bobby_Rush_(musician),1933,,Louisiana,Soul blues,Wikipedia
Otis Rush,https://en.wikipedia.org/wiki/Otis_Rush,1924,1997,Mississippi,Chicago blues,Wikipedia
Son Seals,https://en.wikipedia.org/wiki/Son_Seals,1942,2004,Arkansas,Electric blues,Wikipedia
Eddie Shaw,https://en.wikipedia.org/wiki/Eddie_Shaw,1937,2018,Mississippi,Chicago blues,Wikipedia
Roscoe Shelton,https://en.wikipedia.org/wiki/Roscoe_Shelton,1931,2002,Tennessee,Electric blues,Wikipedia
Johnny Shines,https://en.wikipedia.org/wiki/Johnny_Shines,1915,1992,Tennessee,Chicago blues,Wikipedia
Frankie Lee Sims,https://en.wikipedia.org/wiki/Frankie_Lee_Sims,1917,1970,Louisiana,Texas blues,Wikipedia
Drink Small,https://en.wikipedia.org/wiki/Drink_Small,1933,,South Carolina,Acoustic blues,Wikipedia
Barkin' Bill Smith,https://en.wikipedia.org/wiki/Barkin%27_Bill_Smith,1928,2000,Mississippi,Chicago blues,Wikipedia
"George ""Harmonica"" Smith",https://en.wikipedia.org/wiki/George_%22Harmonica%22_Smith,1924,1983,Arkansas,Electric blues,Wikipedia
"Moses ""Whispering"" Smith",https://en.wikipedia.org/wiki/Moses_%22Whispering%22_Smith,1932,1984,Mississippi,Louisiana blues,Wikipedia
Robert Curtis Smith,https://en.wikipedia.org/wiki/Robert_Curtis_Smith,1930,2010,Mississippi,Piedmont blues,Wikipedia
Smoky Babe,https://en.wikipedia.org/wiki/Smoky_Babe,1927,1975*,Mississippi,Acoustic blues,Wikipedia
Little Smokey Smothers,https://en.wikipedia.org/wiki/Little_Smokey_Smothers,1939,2010,Mississippi,Chicago blues,Wikipedia
"Otis ""Big Smokey"" Smothers",https://en.wikipedia.org/wiki/Otis_%22Big_Smokey%22_Smothers,1929,1993,Mississippi,Chicago blues,Wikipedia
Otis Spann,https://en.wikipedia.org/wiki/Otis_Spann,1930,1970,Mississippi,Chicago blues,Wikipedia
"Arthur ""Big Boy"" Spires",https://en.wikipedia.org/wiki/Arthur_%22Big_Boy%22_Spires,1912,1990,Mississippi,Electric blues,Wikipedia
Arbee Stidham,https://en.wikipedia.org/wiki/Arbee_Stidham,1917,1988,Arkansas,Electric blues,Wikipedia
Taj Mahal,https://en.wikipedia.org/wiki/Taj_Mahal_(musician),1942,,New York,Acoustic blues,Wikipedia
Baby Tate,https://en.wikipedia.org/wiki/Baby_Tate_(guitarist),1916,1972,Georgia,Piedmont blues,Wikipedia
Eddie Taylor,https://en.wikipedia.org/wiki/Eddie_Taylor,1923,1985,Mississippi,Chicago blues,Wikipedia
Hound Dog Taylor,https://en.wikipedia.org/wiki/Hound_Dog_Taylor,1917*,1975,Mississippi,Electric blues,Wikipedia
Koko Taylor,https://en.wikipedia.org/wiki/Koko_Taylor,1935*,2009,Tennessee,Electric blues,Wikipedia
Sam Taylor,https://en.wikipedia.org/wiki/Sam_Taylor_(saxophonist),1916,1990,Tennessee,Urban blues,Wikipedia
Sonny Terry,https://en.wikipedia.org/wiki/Sonny_Terry,1911,1986,Georgia,Country blues,Wikipedia
Tabby Thomas,https://en.wikipedia.org/wiki/Tabby_Thomas,1929,2014,Louisiana,Louisiana blues,Wikipedia
Big Mama Thornton,https://en.wikipedia.org/wiki/Big_Mama_Thornton,1926,1984,Alabama,Electric blues,Wikipedia
Luther Tucker,https://en.wikipedia.org/wiki/Luther_Tucker,1936,1993,Tennessee,Chicago blues,Wikipedia
Big Joe Turner,https://en.wikipedia.org/wiki/Big_Joe_Turner,1911,1985,Missouri,Jump blues,Wikipedia
Ike Turner,https://en.wikipedia.org/wiki/Ike_Turner,1931,2007,Mississippi,Electric blues,Wikipedia
Titus Turner,https://en.wikipedia.org/wiki/Titus_Turner,1933,1984,Georgia,Soul blues,Wikipedia
Jimmie Vaughan,https://en.wikipedia.org/wiki/Jimmie_Vaughan,1951,,Texas,Electric blues,Wikipedia
Stevie Ray Vaughan,https://en.wikipedia.org/wiki/Stevie_Ray_Vaughan,1954,1990,Texas,Electric blues,Wikipedia
Mose Vinson,https://en.wikipedia.org/wiki/Mose_Vinson,1917*,2002,Mississippi,Electric blues,Wikipedia
"Johnny ""Big Moose"" Walker",https://en.wikipedia.org/wiki/Johnny_%22Big_Moose%22_Walker,1927,1999,Mississippi,Chicago blues,Wikipedia
T-Bone Walker,https://en.wikipedia.org/wiki/T-Bone_Walker,1910,1975,Texas,West Coast blues,Wikipedia
Baby Boy Warren,https://en.wikipedia.org/wiki/Baby_Boy_Warren,1919,1977,Louisiana,Detroit blues,Wikipedia
Willie D. Warren,https://en.wikipedia.org/wiki/Willie_D._Warren,1924,2000,Arkansas,Detroit blues,Wikipedia
Washboard Willie,https://en.wikipedia.org/wiki/Washboard_Willie,1909,1991,Alabama,Detroit blues,Wikipedia
Boogie Bill Webb,https://en.wikipedia.org/wiki/Boogie_Bill_Webb,1924,1990,Mississippi,Electric blues,Wikipedia
Junior Wells,https://en.wikipedia.org/wiki/Junior_Wells,1934,1998,Arkansas,Chicago blues,Wikipedia
"Golden ""Big"" Wheeler",https://en.wikipedia.org/wiki/Golden_%22Big%22_Wheeler,1929,1998,Georgia,Chicago blues,Wikipedia
Lavelle White,https://en.wikipedia.org/wiki/Lavelle_White,1929,,Louisiana,Soul blues,Wikipedia
Joe Willie Wilkins,https://en.wikipedia.org/wiki/Joe_Willie_Wilkins,1921,1979,Mississippi,Memphis blues,Wikipedia
Jody Williams,https://en.wikipedia.org/wiki/Jody_Williams_(blues_musician),1935,2018,Alabama,Chicago blues,Wikipedia
Johnny Williams,https://en.wikipedia.org/wiki/Johnny_Williams_(blues_musician),1906,2006,Louisiana,Chicago blues,Wikipedia
Lester Williams,https://en.wikipedia.org/wiki/Lester_Williams_(musician),1920,1990,Texas,Texas blues,Wikipedia
Sonny Boy Williamson II,https://en.wikipedia.org/wiki/Sonny_Boy_Williamson_II,1909*,1965,Mississippi,Chicago blues,Wikipedia
Alan Wilson,https://en.wikipedia.org/wiki/Alan_Wilson_(musician),1943,1970,Massachusetts,Electric blues,Wikipedia
U.P. Wilson,https://en.wikipedia.org/wiki/U.P._Wilson,1934,2004,Louisiana,Texas blues,Wikipedia
Johnny Winter,https://en.wikipedia.org/wiki/Johnny_Winter,1944,2014,Texas,Electric blues,Wikipedia
Jimmy Witherspoon,https://en.wikipedia.org/wiki/Jimmy_Witherspoon,1920,1997,Arkansas,Jump blues,Wikipedia
Big John Wrencher,https://en.wikipedia.org/wiki/Big_John_Wrencher,1924*,1977,Mississippi,Chicago blues,Wikipedia
Billy Wright,https://en.wikipedia.org/wiki/Billy_Wright_(musician),1918*,1991,Georgia,Jump blues,Wikipedia
"Johnny ""Man"" Young",https://en.wikipedia.org/wiki/Johnny_%22Man%22_Young,1918,1974,Mississippi,Chicago blues,Wikipedia
Linsey Alexander,https://en.wikipedia.org/wiki/Linsey_Alexander,1942,2025,Mississippi,Electric blues*,Wikipedia
James Armstrong,https://en.wikipedia.org/wiki/James_Armstrong_(musician),1957,,California,Electric blues,Wikipedia
Dexter Allen,https://en.wikipedia.org/wiki/Dexter_Allen,1970,,Mississippi,Electric blues*,Wikipedia
Marcia Ball,https://en.wikipedia.org/wiki/Marcia_Ball,1949,,Texas,Electric blues,Wikipedia
Chico Banks,https://en.wikipedia.org/wiki/Chico_Banks,1962,2008,Illinois,Chicago blues,Wikipedia
L.V. Banks,https://en.wikipedia.org/wiki/L.V._Banks,1932,2011,Missouri,Chicago blues,Wikipedia
Barrelhouse Chuck,https://en.wikipedia.org/wiki/Barrelhouse_Chuck,1958,2016,Ohio,Chicago blues,Wikipedia
Tab Benoit,https://en.wikipedia.org/wiki/Tab_Benoit,1967,,California,Electric blues,Wikipedia
"Terry ""Harmonica"" Bean",https://en.wikipedia.org/wiki/Terry_%22Harmonica%22_Bean,1961,,Mississippi,Electric blues*,Wikipedia
Chris Beard,https://en.wikipedia.org/wiki/Chris_Beard_(singer),1957,,New York,Electric blues*,Wikipedia
Adolphus Bell,https://en.wikipedia.org/wiki/Adolphus_Bell,1944,,Alabama,Electric blues*,Wikipedia
Lurrie Bell,https://en.wikipedia.org/wiki/Lurrie_Bell,1958,,Illinois,Electric blues,Wikipedia
Eric Bibb,https://en.wikipedia.org/wiki/Eric_Bibb,1951,,New York,Acoustic blues*,Wikipedia
Blind Mississippi Morris,https://en.wikipedia.org/wiki/Blind_Mississippi_Morris,1955,,Mississippi,Electric blues*,Wikipedia
Skeeter Brandon,https://en.wikipedia.org/wiki/Skeeter_Brandon,1948,,Virginia,Electric blues*,Wikipedia
Ronnie Baker Brooks,https://en.wikipedia.org/wiki/Ronnie_Baker_Brooks,1967,,Illinois,Electric blues*,Wikipedia
Jimmy Burns,https://en.wikipedia.org/wiki/Jimmy_Burns,1943,,Mississippi,Electric blues*,Wikipedia
Cedric Burnside,https://en.wikipedia.org/wiki/Cedric_Burnside,1978,,Mississippi,Electric blues*,Wikipedia
Charles Caldwell,https://en.wikipedia.org/wiki/Charles_Caldwell_(bluesman),1943,2003,Mississippi,Electric blues*,Wikipedia
Karen Carroll,https://en.wikipedia.org/wiki/Karen_Carroll,1958,,Illinois,Electric blues,Wikipedia
William Clarke,https://en.wikipedia.org/wiki/William_Clarke_(musician),1951,1996,California,Electric blues,Wikipedia
Deborah Coleman,https://en.wikipedia.org/wiki/Deborah_Coleman,1956,2018,Virginia,Electric blues,Wikipedia
Shemekia Copeland,https://en.wikipedia.org/wiki/Shemekia_Copeland,1979,,New York,Electric blues*,Wikipedia
Robert Cray,https://en.wikipedia.org/wiki/Robert_Cray,1953,,Georgia,Electric blues,Wikipedia
Debbie Davies,https://en.wikipedia.org/wiki/Debbie_Davies,1952,,California,Electric blues,Wikipedia
Boo Boo Davis,https://en.wikipedia.org/wiki/Boo_Boo_Davis,1943,,Mississippi,Electric blues*,Wikipedia
Guy Davis,https://en.wikipedia.org/wiki/Guy_Davis_(musician),1952,,New York,Electric blues,Wikipedia
Thornetta Davis,https://en.wikipedia.org/wiki/Thornetta_Davis,1963,,Michigan,Electric blues*,Wikipedia
Little Arthur Duncan,https://en.wikipedia.org/wiki/Little_Arthur_Duncan,1934,2008,Mississippi,Electric blues*,Wikipedia
Ronnie Earl,https://en.wikipedia.org/wiki/Ronnie_Earl,1953,,New York,Electric blues,Wikipedia
Tinsley Ellis,https://en.wikipedia.org/wiki/Tinsley_Ellis,1957,,Georgia,Electric blues,Wikipedia
Kirk Fletcher,https://en.wikipedia.org/wiki/Kirk_Fletcher,1975,,California,Electric blues*,Wikipedia
Sue Foley,https://en.wikipedia.org/wiki/Sue_Foley,1968,,Canada,Electric blues,Wikipedia
Robben Ford,https://en.wikipedia.org/wiki/Robben_Ford,1951,,California,Electric blues,Wikipedia
Rick Franklin,https://en.wikipedia.org/wiki/Rick_Franklin,1941,2005,Virginia,Electric blues*,Wikipedia
Anson Funderburgh,https://en.wikipedia.org/wiki/Anson_Funderburgh,1954,,Texas,Electric blues,Wikipedia
Grady Gaines,https://en.wikipedia.org/wiki/Grady_Gaines,1934,2021,Texas,Electric blues,Wikipedia
Terry Garland,https://en.wikipedia.org/wiki/Terry_Garland,1953,,Tennessee,Country blues,Wikipedia
Larry Garner,https://en.wikipedia.org/wiki/Larry_Garner,1952,,Louisiana,Electric blues*,Wikipedia
Otis Grand,https://en.wikipedia.org/wiki/Otis_Grand,1950,,U.S.,Electric blues,Wikipedia
Guitar Slim Jr.,https://en.wikipedia.org/wiki/Guitar_Slim_Jr.,1951,,Louisiana,Electric blues,Wikipedia
Sandra Hall,https://en.wikipedia.org/wiki/Sandra_Hall,1951,,Georgia,Electric blues*,Wikipedia
Larry Hamilton,https://en.wikipedia.org/wiki/Larry_Hamilton_(musician),1951,2011,Texas,Electric blues,Wikipedia
Odessa Harris,https://en.wikipedia.org/wiki/Odessa_Harris,1936,2003,Arkansas,Electric blues*,Wikipedia
Alvin Youngblood Hart,https://en.wikipedia.org/wiki/Alvin_Youngblood_Hart,1963,,California,Acoustic blues*,Wikipedia
Ted Hawkins,https://en.wikipedia.org/wiki/Ted_Hawkins,1936,1995,Mississippi,Acoustic blues,Wikipedia
Big Boy Henry,https://en.wikipedia.org/wiki/Big_Boy_Henry,1921,2004,North Carolina,Electric blues*,Wikipedia
George Higgs,https://en.wikipedia.org/wiki/George_Higgs,1930,2013,North Carolina,Electric blues*,Wikipedia
Fruteland Jackson,https://en.wikipedia.org/wiki/Fruteland_Jackson,1953,,Mississippi,Electric blues*,Wikipedia
Colin James,https://en.wikipedia.org/wiki/Colin_James,1964,,Canada,Electric blues,Wikipedia
Steve James,https://en.wikipedia.org/wiki/Steve_James_(blues_musician),1950,,New York,Acoustic blues,Wikipedia
L.V. Johnson,https://en.wikipedia.org/wiki/L.V._Johnson,1946,,U.S.,Electric blues,Wikipedia
"Johnny ""Yard Dog"" Jones",https://en.wikipedia.org/wiki/Johnny_%22Yard_Dog%22_Jones,1941,,Illinois,Electric blues*,Wikipedia
"Paul ""Wine"" Jones",https://en.wikipedia.org/wiki/Paul_%22Wine%22_Jones,1946,2005,Mississippi,Electric blues*,Wikipedia
Tutu Jones,https://en.wikipedia.org/wiki/Tutu_Jones,1957,,Texas,Electric blues*,Wikipedia
Keb' Mo',https://en.wikipedia.org/wiki/Keb%27_Mo%27,1955,,California,Acoustic blues,Wikipedia
Harrison Kennedy,https://en.wikipedia.org/wiki/Harrison_Kennedy_(musician),1942,,Canada,Electric blues*,Wikipedia
Chris Thomas King,https://en.wikipedia.org/wiki/Chris_Thomas_King,1962,,Louisiana,Electric blues*,Wikipedia
Little Jimmy King,https://en.wikipedia.org/wiki/Little_Jimmy_King,1968,2002,Tennessee,Electric blues,Wikipedia
Lady Bianca,https://en.wikipedia.org/wiki/Lady_Bianca,1953,,Kansas,Electric blues,Wikipedia
Johnny Laws,https://en.wikipedia.org/wiki/Johnny_Laws,1943,2021[387],Illinois,Electric blues*,Wikipedia
Professor Eddie Lusk,https://en.wikipedia.org/wiki/Professor_Eddie_Lusk,1948,1992,Illinois,Electric blues*,Wikipedia
Bob Margolin,https://en.wikipedia.org/wiki/Bob_Margolin,1949,,Massachusetts,Electric blues,Wikipedia
Johnnie Marshall,https://en.wikipedia.org/wiki/Johnnie_Marshall,1961,,Georgia,Electric blues*,Wikipedia
Larry McCray,https://en.wikipedia.org/wiki/Larry_McCray,1962,,Arkansas,Electric blues,Wikipedia
Clara McDaniel,https://en.wikipedia.org/wiki/Clara_McDaniel,1948,,Michigan,Electric blues*,Wikipedia
Johnny B. Moore,https://en.wikipedia.org/wiki/Johnny_B._Moore,1952,,U.S.,Chicago blues,Wikipedia
Kenny Neal,https://en.wikipedia.org/wiki/Kenny_Neal,1957,,Louisiana,Electric blues,Wikipedia
Jay Owens,https://en.wikipedia.org/wiki/Jay_Owens_(musician),1947,,Florida,Electric blues,Wikipedia
Sista Monica Parker,https://en.wikipedia.org/wiki/Sista_Monica_Parker,1956,,Indiana,Electric blues*,Wikipedia
Neal Pattman,https://en.wikipedia.org/wiki/Neal_Pattman,1927,2005,Georgia,Electric blues*,Wikipedia
Asie Payton,https://en.wikipedia.org/wiki/Asie_Payton,1937,1997,Mississippi,Electric blues*,Wikipedia
Lucky Peterson,https://en.wikipedia.org/wiki/Lucky_Peterson,1964,,New York,Electric blues,Wikipedia
Kelly Joe Phelps,https://en.wikipedia.org/wiki/Kelly_Joe_Phelps,1960,,Washington,Electric blues*,Wikipedia
Lonnie Pitchford,https://en.wikipedia.org/wiki/Lonnie_Pitchford,1955,,Kentucky,Electric blues*,Wikipedia
"Gene ""Birdlegg"" Pittman",https://en.wikipedia.org/wiki/Gene_%22Birdlegg%22_Pittman,1947,,Pennsylvania,Electric blues*,Wikipedia
Gary Primich,https://en.wikipedia.org/wiki/Gary_Primich,1958,,Illinois,Electric blues,Wikipedia
Henry Qualls,https://en.wikipedia.org/wiki/Henry_Qualls,1934,,Texas,Acoustic blues*,Wikipedia
Johnny Rawls,https://en.wikipedia.org/wiki/Johnny_Rawls,1951,,Mississippi,Electric blues,Wikipedia
Sherman Robertson,https://en.wikipedia.org/wiki/Sherman_Robertson,1948,,Louisiana,Electric blues,Wikipedia
Duke Robillard,https://en.wikipedia.org/wiki/Duke_Robillard,1948,,Rhode Island,Electric blues,Wikipedia
Andy Rodgers,https://en.wikipedia.org/wiki/Andy_Rodgers_(musician),1922,2004,Mississippi,Acoustic blues*,Wikipedia
Mighty Mo Rodgers,https://en.wikipedia.org/wiki/Mighty_Mo_Rodgers,1942,,Illinois,Electric blues*,Wikipedia
Roy Rogers,https://en.wikipedia.org/wiki/Roy_Rogers_(guitarist),1950,,California,Electric blues*,Wikipedia
Saffire â€“ The Uppity Blues Women,https://en.wikipedia.org/wiki/Saffire_%E2%80%93_The_Uppity_Blues_Women,,,,Acoustic blues,Wikipedia
Isaac Scott,https://en.wikipedia.org/wiki/Isaac_Scott_(musician),1945,2001,Washington,Electric blues*,Wikipedia
Kenny Wayne Shepherd,https://en.wikipedia.org/wiki/Kenny_Wayne_Shepherd,1977,,Louisiana,Electric blues,Wikipedia
Lonnie Shields,https://en.wikipedia.org/wiki/Lonnie_Shields,1956,,Arkansas,Electric blues*,Wikipedia
Cootie Stark,https://en.wikipedia.org/wiki/Cootie_Stark,1926,2005,South Carolina,Acoustic blues,Wikipedia
Angela Strehli,https://en.wikipedia.org/wiki/Angela_Strehli,1945,,Texas,Electric blues,Wikipedia
Demetria Taylor,https://en.wikipedia.org/wiki/Demetria_Taylor,1973,,Illinois,Chicago blues,Wikipedia
Eddie Taylor Jr.,https://en.wikipedia.org/wiki/Eddie_Taylor_Jr.,1972,,Illinois,Electric blues*,Wikipedia
Melvin Taylor,https://en.wikipedia.org/wiki/Melvin_Taylor,1959,,Mississippi,Electric blues,Wikipedia
Otis Taylor,https://en.wikipedia.org/wiki/Otis_Taylor_(musician),1948,,Illinois,Electric blues*,Wikipedia
Susan Tedeschi,https://en.wikipedia.org/wiki/Susan_Tedeschi,1970,,Massachusetts,Electric blues,Wikipedia
Lil' Dave Thompson,https://en.wikipedia.org/wiki/Lil%27_Dave_Thompson,1969,2010,Mississippi,Electric blues*,Wikipedia
Pyeng Threadgill,https://en.wikipedia.org/wiki/Pyeng_Threadgill,1977,,New York,Electric blues*,Wikipedia
Teeny Tucker,https://en.wikipedia.org/wiki/Teeny_Tucker,1958,,Ohio,Electric blues*,Wikipedia
Maurice John Vaughn,https://en.wikipedia.org/wiki/Maurice_John_Vaughn,1952,,Illinois,Chicago blues,Wikipedia
Joe Louis Walker,https://en.wikipedia.org/wiki/Joe_Louis_Walker,1949,,California,Electric blues,Wikipedia
Carl Weathersby,https://en.wikipedia.org/wiki/Carl_Weathersby,1953,2024,Mississippi,Electric blues,Wikipedia
Valerie Wellington,https://en.wikipedia.org/wiki/Valerie_Wellington,1959,1991,Illinois,Electric blues,Wikipedia
Mike Wheeler,https://en.wikipedia.org/wiki/Mike_Wheeler_(musician),1961,,Illinois,Electric blues*,Wikipedia
Albert White,https://en.wikipedia.org/wiki/Albert_White_(musician),1942,,Georgia,Electric blues*,Wikipedia
Lil' Ed Williams,https://en.wikipedia.org/wiki/Lil%27_Ed_Williams,1955,,U.S.,Chicago blues,Wikipedia
Zora Young,https://en.wikipedia.org/wiki/Zora_Young,1948,,Mississippi,Electric blues,Wikipedia
